Category	Topic / Aspect	MedAI Technical Implementation	Placement Interview / Viva Talking Point
Architecture & Stack	Full-Stack & BFF Architecture	Next.js 14 App Router, TypeScript, Tailwind CSS, shadcn/ui	Acts as UI layer and Backend-For-Frontend (BFF). Handles secure session validation, role routing, and proxying calls to internal microservices.
Architecture & Stack	Database & ORM	Supabase (PostgreSQL) + Prisma ORM	Relational modeling for Users, Predictions, Reports, Consultations, and Messages. Uses Prisma client for type-safe queries.
Architecture & Stack	ML Microservices Engine	FastAPI (Python 3.13, Uvicorn, port 8080)	Dedicated microservice for CPU/GPU-heavy ML inference. Keeps AI workloads isolated from web servers for independent scalability.
Architecture & Stack	Real-Time Consultation Chat	Socket.io standalone server (port 3001) + Prisma Adapter	Separated from Next.js serverless environment to maintain persistent stateful WebSockets; messages persist directly to Postgres.
Core ML Models	Symptom-Based Disease Predictor	Random Forest (100 estimators), 132 binary features -> 42 disease classes	Why RF over DL? Tabular data with discrete binary features excels on tree ensembles with zero GPU overhead, fast inference, and calibrated predict_proba.
Core ML Models	Confidence Fallback Mechanism	Threshold check on top predicted probability (< 0.60)	Demonstrates clinical safety: if prediction confidence is low, the platform suggests a "Comprehensive Blood Panel & Metabolic Check" rather than guessing.
Core ML Models	Conversational Health Assistant	NLTK PorterStemmer + Bag-of-Words + Scikit-Learn MLPClassifier (128, 64)	Custom regex tokenizer + Porter stemming on 60+ medical intents. If confidence < 0.75, returns a clinical safety disclaimer to consult a licensed MD.
Core ML Models	Chest X-Ray Pre-Screening	PyTorch MobileNetV2 (Transfer Learning, ImageNet weights)	Why MobileNetV2 over ResNet-50? Depthwise separable convolutions reduce params to ~3.5M (vs 25M in ResNet), enabling lightweight, low-latency CPU triage.
Security & Auth	Microservice Internal Security	FastAPI Secret Header (X-FastAPI-Secret)	Prevents unauthorized public access to ML endpoints. Only authenticated Next.js server routes have access to the secret key.
Security & Auth	Role-Based Access Control (RBAC)	Prisma Role Enum: USER, DOCTOR, ADMIN	Ensures strict separation: Users access symptom checker & reports; Doctors access waiting queues & issue prescriptions; Admins manage intents & users.
Database Design	Referential Integrity & Auditing	Report & Consultation dual FKs (patientId, doctorId)	Uses onDelete: Cascade for patient but onDelete: SetNull for doctor. Preserves medical audit trails and consultation history even if a doctor leaves.
Realtime & Chat	Queue & Consultation Flow	Socket.io rooms keyed by consultationId	Patients wait in a live queue (WAITING). Doctors accept them into an ACTIVE room (Socket.io room ID = consultationId). On close, status -> COMPLETED.
Clinical Features	Digital Prescription Generator	Interactive doctor consultation panel + PDF export	Doctors compile clinical notes and RX into the Consultation record; patients can view and download formatted digital prescriptions.
System Design / Scale	Scaling WebSockets (Horizontal)	Propose: @socket.io/redis-adapter with Redis Pub/Sub	Interviewer question: How to scale Socket.io across multiple nodes? Answer: Use Redis Pub/Sub to synchronize broadcast messages across server instances.
System Design / Scale	Asynchronous ML Processing	Propose: Celery / BullMQ + Redis task queue	Interviewer question: How to handle heavy image/CNN traffic? Answer: Decouple upload from inference with an async job queue and webhook/push notifications.
System Design / Scale	HIPAA / Data Privacy	Propose: At-rest encryption & Supabase time-limited signed URLs	Interviewer question: How do you handle medical compliance? Answer: Never serve public asset URLs for medical X-rays/records; generate ephemeral signed URLs.
Interview Pitch	60-Second Project Pitch	Full-stack telemedicine & ML triage platform	"MedAI bridges initial patient self-triage with clinical consultations via a dual-service architecture (Next.js + FastAPI) featuring 3 custom ML models, Socket.io rooms, and role-based workflows."
